Date,Description,Category,Amount,Type
3/19/2025,Gift from friend,Gift,25,Income
3/20/2025,Spotify,Subscription,-10,Expense
3/27/2025,Restaurant,Food,-30,Expense
4/13/2025,Gas,Gas,-55,Expense
4/20/2025,Spotify,Subscription,-10,Expense
5/15/2025,Work,Paycheck,245,Income
5/16/2025,Gift from mom,Gift,25,Income
7/1/2025,Bill,Bill,-200,Expense
7/19/2025,Work,Paycheck,400,Income
8/20/2025,Spotify,Subscription,-10,Expense
9/30/2025,Restaurant,Food,-60,Expense
10/2/2025,Work,Paycheck,300,Income
10/12/2025,Refund,Refund,5,Income
10/26/2025,Gift to friend,Store,-10,Expense
11/17/2025,Work,Paycheck,140,Income
11/20/2025,Spotify,Subscription,-10,Expense
12/24/2025,Gift from family,Gift,200,Income
12/31/2025,Restaurant,Food,-70,Expense
